Year,GMSL,SigmaError
1900,-156.8338951,25.71567759
1900.083333,-155.2087665,25.70333354
1900.166667,-156.0421787,25.69098964
1900.25,-157.6149636,25.72869263
1900.333333,-158.3042665,25.71637305
1900.416667,-156.8132394,25.65395886
1900.5,-156.9357811,25.69171252
1900.583333,-156.3103632,25.67939346
1900.666667,-157.4340371,25.61690041
1900.75,-156.2137011,25.60455756
1900.833333,-156.7818232,25.64243733
1900.916667,-155.46976,25.63011897
1901,-155.7907503,25.56712643
1901.083333,-155.1381241,25.554784
1901.166667,-155.7580059,25.54244172
1901.25,-155.959708,25.53009959
1901.333333,-156.9057563,25.51775762
1901.416667,-156.8859838,25.5054158
1901.5,-156.1392906,25.49307413
1901.583333,-155.3366188,25.47990986
1901.666667,-155.0041364,25.46674577
1901.75,-155.930827,25.45358185
1901.833333,-155.9082178,25.4404181
1901.916667,-152.375407,25.47720681
1902,-156.7201651,25.46406924
1902.083333,-154.4924832,25.45093187
1902.166667,-155.0802872,25.43779472
1902.25,-153.5760367,25.42465776
1902.333333,-152.8095859,25.41152101
1902.416667,-152.1969249,25.39838446
1902.5,-153.0735245,25.38485782
1902.583333,-152.5901493,25.37254249
1902.666667,-151.0124613,25.36022735
1902.75,-153.4658104,25.34791239
1902.833333,-151.1750602,25.33746038
1902.916667,-153.6332488,25.32514669
1903,-154.6402011,25.26087185
1903.083333,-153.0786858,25.24853263
1903.166667,-153.0862496,25.23619412
1903.25,-152.9262883,25.22385577
1903.333333,-152.5883356,25.21151758
1903.416667,-152.4756511,25.19917955
1903.5,-152.5402045,25.18684168
1903.583333,-153.0272193,25.17368146
1903.666667,-153.4372271,25.16052142
1903.75,-153.01811,25.14736157
1903.833333,-153.1987819,25.13402054
1903.916667,-151.5314932,25.12086096
1904,-152.8253288,25.10770156
1904.083333,-151.2905333,25.09454234
1904.166667,-153.7296056,25.08138331
1904.25,-152.976176,25.06822446
1904.333333,-150.2644533,25.0550658
1904.416667,-149.0729371,25.04190732
1904.5,-149.5562755,25.02874902
1904.583333,-149.3416385,25.01641329
1904.666667,-149.6935314,25.00407772
1904.75,-151.9415625,24.99174231
1904.833333,-150.5713235,24.97940707
1904.916667,-150.0755989,24.96707199
1905,-150.8414508,24.95473454
1905.083333,-146.5423162,24.94239978
1905.166667,-147.3323394,24.9300652
1905.25,-148.3234752,24.91773077
1905.333333,-150.8329297,24.90539652
1905.416667,-149.9658045,24.89306243
1905.5,-148.519666,24.8807285
1905.583333,-148.938135,24.86839474
1905.666667,-148.5997137,24.8560908
1905.75,-148.7844116,24.84375739
1905.833333,-147.8246096,24.83139446
1905.916667,-149.2232205,24.81906136
1906,-148.6948291,24.79626933
1906.083333,-146.7407862,24.78393137
1906.166667,-148.7481062,24.77159357
1906.25,-149.5786241,24.75925593
1906.333333,-148.5107764,24.74691845
1906.416667,-148.8810687,24.73458114
1906.5,-148.4820015,24.72221611
1906.583333,-148.8626392,24.70987911
1906.666667,-148.6579446,24.69754227
1906.75,-149.597752,24.6852056
1906.833333,-147.7977515,24.67286909
1906.916667,-149.1880834,24.70096111
1907,-149.3397093,24.68864513
1907.083333,-148.1694941,24.67632934
1907.166667,-149.0205446,24.66401373
1907.25,-146.9122592,24.65169831
1907.333333,-144.4347792,24.63938308
1907.416667,-146.8042635,24.62717864
1907.5,-145.4638964,24.61486383
1907.583333,-145.1632416,24.60254921
1907.666667,-145.0779938,24.59023478
1907.75,-145.3423958,24.57792053
1907.833333,-146.7439792,24.56560647
1907.916667,-144.8493257,24.5532926
1908,-145.6719599,24.50019263
1908.083333,-145.7314831,24.48786436
1908.166667,-143.0886561,24.47553053
1908.25,-144.6556996,24.46319113
1908.333333,-144.2967329,24.4499567
1908.416667,-145.4041737,24.43762292
1908.5,-142.6316153,24.42528931
1908.583333,-144.8770633,24.41446649
1908.666667,-144.8612934,24.40213398
1908.75,-145.9424681,24.38980164
1908.833333,-145.5922661,24.37746947
1908.916667,-144.6967792,24.36362379
1909,-147.0368976,24.35123683
1909.083333,-145.9007016,24.33890438
1909.166667,-143.2280313,24.32643123
1909.25,-145.5531407,24.31409905
1909.333333,-143.4696735,24.30176705
1909.416667,-143.058816,24.28943521
1909.5,-146.216584,24.27710355
1909.583333,-145.5217018,24.26477205
1909.666667,-144.4663688,24.25244073
1909.75,-146.0223129,24.23892681
1909.833333,-146.0276012,24.22659523
1909.916667,-145.4220492,24.25307128
1910,-146.1535251,24.24244071
1910.083333,-146.3028662,24.23013027
1910.166667,-144.0190801,24.21625646
1910.25,-145.287736,24.20394561
1910.333333,-143.7739565,24.19165142
1910.416667,-144.4265426,24.17916966
1910.5,-143.3564725,24.16685932
1910.583333,-144.5575154,24.15429477
1910.666667,-144.5389563,24.14198469
1910.75,-144.3827249,24.12968966
1910.833333,-142.498116,24.11737997
1910.916667,-141.6807732,24.10507048
1911,-144.6011465,24.09273437
1911.083333,-144.8774421,24.08042526
1911.166667,-141.6042581,24.06814436
1911.25,-142.1165642,24.05099134
1911.333333,-142.7231582,24.03864304
1911.416667,-140.5295935,24.02657197
1911.5,-139.3302815,24.01426148
1911.583333,-139.5233607,24.00277187
1911.666667,-140.7137864,23.99128242
1911.75,-139.207765,23.97979315
1911.833333,-140.0855915,23.96830405
1911.916667,-139.8942086,23.95855769
1912,-139.1414585,23.94560301
1912.083333,-141.2686568,23.93390512
1912.166667,-140.0667041,23.92241674
1912.25,-140.3438917,23.91092853
1912.333333,-141.2194202,23.89944049
1912.416667,-139.263375,23.88795263
1912.5,-140.848122,23.83902525
1912.583333,-139.8130669,23.82669786
1912.666667,-140.5532545,23.81437066
1912.75,-140.2803442,23.80204363
1912.833333,-140.8858874,23.78971679
1912.916667,-141.4185787,23.81492671
1913,-140.0832608,23.80206403
1913.083333,-141.0782209,23.7897569
1913.166667,-142.0051922,23.77744997
1913.25,-139.9707052,23.7278766
1913.333333,-139.2037515,23.71555073
1913.416667,-139.7266786,23.74053039
1913.5,-137.7599563,23.72822427
1913.583333,-137.6915515,23.71591836
1913.666667,-138.0088916,23.70361264
1913.75,-139.1989557,23.69130713
1913.833333,-139.4294074,23.68048786
1913.916667,-138.228558,23.66818756
1914,-139.6592216,23.65282816
1914.083333,-137.0307689,23.64052265
1914.166667,-136.4287178,23.62821735
1914.25,-139.1511258,23.57821445
1914.333333,-138.1444404,23.5658733
1914.416667,-137.8017636,23.55354889
1914.5,-137.3268451,23.54122468
1914.583333,-136.2677461,23.52972224
1914.666667,-139.1268658,23.51821996
1914.75,-138.7341716,23.50671785
1914.833333,-138.9208628,23.4952159
1914.916667,-138.8417663,23.48371418
1915,-134.0322939,23.47221256
1915.083333,-135.8298268,23.4607111
1915.166667,-135.8350434,23.44920973
1915.25,-137.144406,23.44117344
1915.333333,-138.5663283,23.42800163
1915.416667,-136.3264929,23.4165017
1915.5,-136.3783454,23.40500194
1915.583333,-135.6452847,23.39268095
1915.666667,-135.7084338,23.38036015
1915.75,-135.7500984,23.36803954
1915.833333,-137.0197013,23.35571913
1915.916667,-137.4252007,23.34570818
1916,-140.5991474,23.33305283
1916.083333,-135.8341708,23.32073432
1916.166667,-135.4598774,23.30841572
1916.25,-136.0357896,23.2960973
1916.333333,-135.6212774,23.28377908
1916.416667,-135.5566911,23.26783166
1916.5,-137.6278937,23.2555119
1916.583333,-136.8049646,23.24319233
1916.666667,-138.498847,23.23179069
1916.75,-138.0929824,23.21947211
1916.833333,-137.7148719,23.20715361
1916.916667,-136.95901,23.1950504
1917,-137.1938419,23.17930541
1917.083333,-137.2405701,23.16680382
1917.166667,-136.7443512,23.15448429
1917.25,-136.8928193,23.14193166
1917.333333,-136.2571543,23.16841287
1917.416667,-136.1953237,23.15611445
1917.5,-135.1640616,23.10497445
1917.583333,-136.780622,23.09265577
1917.666667,-137.3782415,23.08033729
1917.75,-135.3320443,23.068019
1917.833333,-136.6011107,23.05470244
1917.916667,-134.208905,23.04238402
1918,-135.7522613,23.03006578
1918.083333,-136.9407911,23.01774775
1918.166667,-135.3501779,23.0054299
1918.25,-134.4945961,22.99364512
1918.333333,-133.6386937,22.98132796
1918.416667,-131.7715125,22.969011
1918.5,-131.4367311,22.95669404
1918.583333,-133.6386456,22.94519857
1918.666667,-132.3752665,22.93370328
1918.75,-131.4318527,22.92220833
1918.833333,-133.8368473,22.91071338
1918.916667,-132.2017506,22.9025357
1919,-130.0571184,22.89091431
1919.083333,-130.7560581,22.87942149
1919.166667,-129.5979094,22.86792882
1919.25,-133.6006212,22.85683269
1919.333333,-133.2452789,22.84534059
1919.416667,-133.47675,22.83345193
1919.5,-135.1482162,22.82195999
1919.583333,-132.8936382,22.80964739
1919.666667,-133.6991715,22.79733499
1919.75,-132.3914743,22.78321469
1919.833333,-132.1261072,22.77090184
1919.916667,-133.1531598,22.75867823
1920,-133.1605702,22.74399643
1920.083333,-134.0520463,22.73160825
1920.166667,-134.4917083,22.71929483
1920.25,-133.3252917,22.70698161
1920.333333,-131.9014932,22.69706157
1920.416667,-131.8524419,22.68475006
1920.5,-132.5576862,22.67249474
1920.583333,-131.7847295,22.66020709
1920.666667,-132.7725867,22.64784922
1920.75,-130.9070383,22.6368718
1920.833333,-134.3450787,22.62456206
1920.916667,-131.5853675,22.61245801
1921,-133.6800075,22.59864459
1921.083333,-134.0895546,22.58633477
1921.166667,-133.632613,22.57402517
1921.25,-131.4965403,22.56171577
1921.333333,-132.6377956,22.54940658
1921.416667,-132.9986495,22.5370976
1921.5,-132.0037906,22.52478884
1921.583333,-132.060459,22.51330085
1921.666667,-132.4482354,22.50181304
1921.75,-133.3934878,22.48993165
1921.833333,-131.3011613,22.47844401
1921.916667,-132.9536519,22.46696992
1922,-129.1395961,22.45537237
1922.083333,-131.7131634,22.44388523
1922.166667,-130.9567519,22.43248082
1922.25,-128.7637749,22.42126437
1922.333333,-130.6734952,22.40969133
1922.416667,-131.0869697,22.3954609
1922.5,-131.3382834,22.38382222
1922.583333,-130.6399088,22.37086579
1922.666667,-130.8759217,22.35847313
1922.75,-130.4505609,22.34616526
1922.833333,-130.4085794,22.33385761
1922.916667,-130.8568996,22.32167274
1923,-133.3590169,22.30927179
1923.083333,-129.2858465,22.29696479
1923.166667,-130.9227877,22.28465801
1923.25,-130.1412518,22.27235145
1923.333333,-129.4448064,22.26246714
1923.416667,-130.4788314,22.25023937
1923.5,-130.5339035,22.23793484
1923.583333,-130.5060697,22.22555341
1923.666667,-129.3284416,22.21324927
1923.75,-127.6410974,22.20094535
1923.833333,-126.0337299,22.18864165
1923.916667,-128.8447953,22.1722937
1924,-126.7401791,22.15930532
1924.083333,-128.0034576,22.14699965
1924.166667,-127.8888277,22.13469419
1924.25,-127.8015665,22.12238896
1924.333333,-129.3582001,22.11008395
1924.416667,-130.1932282,22.09783597
1924.5,-130.4233241,22.08553142
1924.583333,-130.5414553,22.0732271
1924.666667,-130.3831463,22.06092299
1924.75,-129.7009526,22.04861911
1924.833333,-130.037444,22.03631544
1924.916667,-131.8293481,22.02408043
1925,-130.281601,22.01177724
1925.083333,-128.0709455,21.99914811
1925.166667,-126.8183909,21.98684519
1925.25,-129.7828503,21.97454249
1925.333333,-127.3923437,21.96224001
1925.416667,-128.7673732,21.94750072
1925.5,-128.6909396,21.93519733
1925.583333,-128.703611,21.95951401
1925.666667,-129.033636,21.94723158
1925.75,-126.3401387,21.89828847
1925.833333,-126.3447179,21.88598597
1925.916667,-126.4278443,21.91038579
1926,-127.5398742,21.89807403
1926.083333,-128.2174426,21.88579282
1926.166667,-126.1345759,21.87351186
1926.25,-126.1192196,21.86123115
1926.333333,-128.0487764,21.85219197
1926.416667,-127.8273486,21.83991357
1926.5,-128.4593736,21.82763544
1926.583333,-128.9560732,21.81535755
1926.666667,-130.1055371,21.80297772
1926.75,-127.3989316,21.79070028
1926.833333,-128.2834181,21.7784231
1926.916667,-127.4820479,21.76614616
1927,-128.4911995,21.71490745
1927.083333,-125.4590276,21.70265144
1927.166667,-128.0858537,21.69035323
1927.25,-128.1551627,21.67801275
1927.333333,-128.0673527,21.66571497
1927.416667,-127.2167544,21.65341744
1927.5,-127.1069744,21.64112013
1927.583333,-126.3078555,21.62808489
1927.666667,-127.3930216,21.61578763
1927.75,-126.6661245,21.6042098
1927.833333,-127.637408,21.59191342
1927.916667,-125.799005,21.57967991
1928,-126.33353,21.56640739
1928.083333,-127.7423146,21.55432645
1928.166667,-125.6228766,21.54202003
1928.25,-125.2726295,21.52950218
1928.333333,-123.0278726,21.5172129
1928.416667,-125.0910014,21.50258761
1928.5,-125.6625515,21.49029124
1928.583333,-124.6333545,21.47801577
1928.666667,-124.6198949,21.46559827
1928.75,-125.4470101,21.45327594
1928.833333,-125.0189044,21.44110812
1928.916667,-125.2383547,21.42881697
1929,-120.9721766,21.4155922
1929.083333,-121.2098597,21.40329695
1929.166667,-124.0016458,21.39100194
1929.25,-122.7902737,21.37870717
1929.333333,-122.5841646,21.36850869
1929.416667,-123.7985063,21.3562156
1929.5,-122.7278504,21.34392276
1929.583333,-122.447176,21.33081065
1929.666667,-124.0893458,21.31769882
1929.75,-123.2012099,21.30462089
1929.833333,-123.1382798,21.29150963
1929.916667,-124.0397328,21.27839865
1930,-124.7901101,21.26083729
1930.083333,-120.959061,21.24772411
1930.166667,-122.075472,21.23461121
1930.25,-121.9089858,21.22151213
1930.333333,-121.39708,21.20839979
1930.416667,-123.6416523,21.19528772
1930.5,-120.5772415,21.18217593
1930.583333,-120.732209,21.17000945
1930.666667,-119.4185925,21.15771771
1930.75,-122.1126446,21.14431988
1930.833333,-120.9654922,21.13202799
1930.916667,-119.6618877,21.11973635
1931,-120.1344836,21.1061822
1931.083333,-119.9123559,21.09389031
1931.166667,-121.4600014,21.08174908
1931.25,-121.0279063,21.06945776
1931.333333,-122.578169,21.05716669
1931.416667,-121.4578592,21.04452798
1931.5,-122.3906724,21.03036176
1931.583333,-121.5092261,21.01807013
1931.666667,-121.5657543,21.00577875
1931.75,-122.8928434,20.99348761
1931.833333,-122.3649051,20.98119672
1931.916667,-123.6799489,20.96890625
1932,-122.97257,20.95724778
1932.083333,-119.9642555,20.9451514
1932.166667,-119.6545299,20.93220689
1932.25,-119.5905336,20.91991734
1932.333333,-119.5454788,20.90745676
1932.416667,-119.539369,20.89823811
1932.5,-119.860906,20.88595102
1932.583333,-121.3876957,20.87363898
1932.666667,-120.9825123,20.86135238
1932.75,-119.1974471,20.84906603
1932.833333,-120.7710456,20.83630548
1932.916667,-120.4442254,20.82398199
1933,-120.0561994,20.81158282
1933.083333,-117.3634072,20.79951437
1933.166667,-117.5951278,20.78722905
1933.25,-117.8191334,20.77494399
1933.333333,-118.8952729,20.76244156
1933.416667,-119.7444254,20.75015689
1933.5,-120.0191919,20.73787247
1933.583333,-120.3433755,20.72476938
1933.666667,-117.5092241,20.7117505
1933.75,-119.3493912,20.69865106
1933.833333,-119.3332897,20.68554891
1933.916667,-119.7932609,20.6726184
1934,-119.0787664,20.65951694
1934.083333,-118.6602055,20.64641578
1934.166667,-116.2016408,20.63331492
1934.25,-117.8916724,20.62021436
1934.333333,-119.2231509,20.6071141
1934.416667,-116.4258607,20.59401413
1934.5,-116.9431598,20.58091447
1934.583333,-116.6660416,20.56908114
1934.666667,-114.6582938,20.55680101
1934.75,-116.4893154,20.54452114
1934.833333,-115.0569622,20.53224154
1934.916667,-115.3431599,20.51936832
1935,-115.8866625,20.50695533
1935.083333,-116.0721139,20.4946761
1935.166667,-114.6660117,20.48239713
1935.25,-112.1791756,20.47011842
1935.333333,-113.5724384,20.45762774
1935.416667,-113.6622538,20.4454155
1935.5,-114.4803242,20.43313752
1935.583333,-113.6997795,20.4208598
1935.666667,-112.7615622,20.40858235
1935.75,-112.7677226,20.39700004
1935.833333,-112.1862845,20.38402753
1935.916667,-110.4847107,20.37106201
1936,-110.425811,20.35836776
1936.083333,-109.0006851,20.34609101
1936.166667,-112.9028165,20.33381452
1936.25,-113.4871845,20.32153861
1936.333333,-112.7964849,20.30926237
1936.416667,-112.865884,20.2969867
1936.5,-111.9993515,20.28471131
1936.583333,-111.3769527,20.27161786
1936.666667,-112.2860232,20.25852473
1936.75,-111.3283636,20.2454319
1936.833333,-110.9842632,20.2323394
1936.916667,-113.21203,20.21924721
1937,-112.2198172,20.20528784
1937.083333,-110.8284211,20.19219571
1937.166667,-107.294456,20.17910391
1937.25,-111.1596466,20.16539304
1937.333333,-110.4673073,20.15286519
1937.416667,-111.6303074,20.1397743
1937.5,-109.9717462,20.12668372
1937.583333,-111.4343517,20.1144116
1937.666667,-111.1701611,20.10279591
1937.75,-109.7127711,20.09052474
1937.833333,-110.3666465,20.07759695
1937.916667,-106.8695135,20.06548969
1938,-110.5059128,20.04808266
1938.083333,-107.9593247,20.03580918
1938.166667,-110.039307,20.0241241
1938.25,-106.9977166,20.01185154
1938.333333,-107.2512225,19.99957787
1938.416667,-106.8916846,19.98730588
1938.5,-109.6848903,19.97503417
1938.583333,-109.3664091,19.96128491
1938.666667,-108.2373563,19.94819529
1938.75,-107.8715862,19.93506948
1938.833333,-107.9626785,19.92272845
1938.916667,-105.9851931,19.90967364
1939,-104.7747888,19.8958112
1939.083333,-108.5166029,19.88272319
1939.166667,-106.2236282,19.86962671
1939.25,-105.8281442,19.85653934
1939.333333,-105.3926191,19.84345229
1939.416667,-105.3966862,19.8303666
1939.5,-104.3333342,19.81728021
1939.583333,-105.6193215,19.80419415
1939.666667,-105.8510722,19.7911074
1939.75,-103.9358969,19.77802303
1939.833333,-102.9426089,19.76493797
1939.916667,-103.451505,19.75335936
1940,-102.236191,19.73929378
1940.083333,-105.6516175,19.72621006
1940.166667,-103.5709575,19.71312668
1940.25,-104.5523116,19.70004363
1940.333333,-103.9472206,19.68696092
1940.416667,-103.4470286,19.67386908
1940.5,-103.6621695,19.66078703
1940.583333,-104.4477199,19.64847969
1940.666667,-102.4489533,19.63621585
1940.75,-101.8899429,19.62462288
1940.833333,-103.6582901,19.61037872
1940.916667,-99.09373713,19.59809629
1941,-100.3468013,19.58565201
1941.083333,-100.7188825,19.57336775
1941.166667,-100.1331435,19.56109327
1941.25,-99.97214856,19.54836172
1941.333333,-101.7451216,19.53609996
1941.416667,-102.1378284,19.52292202
1941.5,-100.7086435,19.51065934
1941.583333,-101.4143048,19.49757203
1941.666667,-100.9281355,19.48452092
1941.75,-100.3430484,19.47209741
1941.833333,-101.7469062,19.45943978
1941.916667,-99.89133751,19.44799698
1942,-97.41617775,19.47029985
1942.083333,-97.1961342,19.45791757
1942.166667,-98.74287973,19.44528442
1942.25,-99.25049608,19.42987681
1942.333333,-99.23720596,19.41676115
1942.416667,-97.99247613,19.40370962
1942.5,-100.2362295,19.39141172
1942.583333,-99.87943201,19.3783613
1942.666667,-100.742192,19.36529406
1942.75,-98.4687175,19.35224456
1942.833333,-99.37954687,19.3067049
1942.916667,-102.0226763,19.32942252
1943,-99.11115297,19.31262932
1943.083333,-103.907903,19.26419599
1943.166667,-100.5712405,19.25079596
1943.25,-100.5200308,19.23772425
1943.333333,-98.89997193,19.2245778
1943.416667,-96.69734177,19.21286247
1943.5,-96.43186354,19.1997735
1943.583333,-97.2582521,19.18670619
1943.666667,-96.40217708,19.17229318
1943.75,-97.48810892,19.15922986
1943.833333,-96.08820962,19.14616062
1943.916667,-95.95611649,19.13322284
1944,-97.32454074,19.10891056
1944.083333,-97.17322798,19.09583481
1944.166667,-96.2032766,19.0822877
1944.25,-96.04117975,19.06913157
1944.333333,-95.55151924,19.05605651
1944.416667,-96.23945555,19.04297874
1944.5,-93.94839139,19.02990748
1944.583333,-96.55829666,19.01765062
1944.666667,-95.64253139,19.0051649
1944.75,-96.33316395,18.99312077
1944.833333,-94.84857761,18.98090285
1944.916667,-95.78606333,18.96795305
1945,-91.9940592,18.95392089
1945.083333,-96.74877555,18.94166435
1945.166667,-97.44788212,18.92931615
1945.25,-94.02028936,18.91712212
1945.333333,-95.74236538,18.90486652
1945.416667,-95.16677256,18.89272476
1945.5,-93.49054894,18.87794118
1945.583333,-93.32774344,18.86519589
1945.666667,-92.1115144,18.85212321
1945.75,-94.49030196,18.83899804
1945.833333,-93.114276,18.82501048
1945.916667,-91.7619534,18.812059
1946,-93.49855648,18.79850876
1946.083333,-92.26052809,18.78506397
1946.166667,-92.2070537,18.77211214
1946.25,-91.63066099,18.7606764
1946.333333,-89.42269385,18.74744406
1946.416667,-90.15536544,18.7248221
1946.5,-89.53746625,18.70942509
1946.583333,-89.58195571,18.69659865
1946.666667,-90.04362222,18.68402871
1946.75,-90.29987492,18.67069543
1946.833333,-89.21055681,18.65815368
1946.916667,-87.61278716,18.64371205
1947,-89.67771737,18.62401755
1947.083333,-86.84611674,18.61093784
1947.166667,-90.34794992,18.59790729
1947.25,-90.03210159,18.59613056
1947.333333,-89.84456091,18.58096804
1947.416667,-88.64244042,18.55759386
1947.5,-90.06994704,18.5450514
1947.583333,-89.63641378,18.53279479
1947.666667,-91.45377297,18.51924542
1947.75,-88.65035347,18.50558297
1947.833333,-84.88879287,18.49207976
1947.916667,-87.32898087,18.4903436
1948,-89.95631423,18.47590435
1948.083333,-90.31054466,18.44371516
1948.166667,-91.11788371,18.44944524
1948.25,-90.15876049,18.43597456
1948.333333,-87.31203207,18.42223411
1948.416667,-86.71623097,18.39727596
1948.5,-86.03118728,18.38419933
1948.583333,-85.02791792,18.37123562
1948.666667,-86.58896375,18.35815981
1948.75,-87.976889,18.35321805
1948.833333,-86.4984929,18.32118523
1948.916667,-87.29150769,18.32681588
1949,-86.97194043,18.30451632
1949.083333,-86.87963371,18.29144141
1949.166667,-86.58569495,18.2783089
1949.25,-87.75395001,18.27457503
1949.333333,-85.37263316,18.26185126
1949.416667,-84.39616054,18.25002386
1949.5,-86.20789539,18.22759239
1949.583333,-86.86784384,18.21500452
1949.666667,-86.31236166,18.20091914
1949.75,-85.35230374,18.17338853
1949.833333,-84.11541308,18.17415635
1949.916667,-85.47202145,18.18655134
1950,-86.27988002,18.16419159
1950.083333,-87.12489502,18.11375602
1950.166667,-85.81203729,18.10074506
1950.25,-85.20903441,18.08766045
1950.333333,-84.55617454,18.07419844
1950.416667,-84.80481955,18.07455549
1950.5,-84.53606126,18.06148144
1950.583333,-85.16591528,18.04805444
1950.666667,-84.32406953,18.04442487
1950.75,-85.24810582,18.03135855
1950.833333,-84.32346318,17.9953144
1950.916667,-83.01479755,17.98223217
1951,-86.14885788,17.96407169
1951.083333,-85.44224626,17.96605067
1951.166667,-85.03478156,17.95271058
1951.25,-83.94189231,17.92573533
1951.333333,-83.85250462,17.92608407
1951.416667,-83.84205467,17.91253829
1951.5,-83.35330101,17.89417362
1951.583333,-83.37844341,17.88118815
1951.666667,-82.45476489,17.86863081
1951.75,-82.39664156,17.85637137
1951.833333,-82.2174029,17.83120766
1951.916667,-83.78926464,17.84286763
1952,-81.10837413,17.82707483
1952.083333,-81.90674897,17.81894178
1952.166667,-80.11156895,17.81494484
1952.25,-82.01242974,17.80545768
1952.333333,-83.98714284,17.7848308
1952.416667,-82.80132651,17.77315221
1952.5,-81.98468157,17.76047963
1952.583333,-82.18117676,17.74304382
1952.666667,-80.18870362,17.72213856
1952.75,-81.19236775,17.70878873
1952.833333,-78.46164818,17.68391259
1952.916667,-79.16684522,17.67138176
1953,-80.25996309,17.65506105
1953.083333,-80.68350303,17.65300212
1953.166667,-82.85875616,17.63875926
1953.25,-80.97316595,17.62262262
1953.333333,-80.95569092,17.60953707
1953.416667,-81.5968745,17.58907588
1953.5,-81.15656395,17.58434086
1953.583333,-81.43432372,17.58926257
1953.666667,-81.18389491,17.5757727
1953.75,-80.43963057,17.54253901
1953.833333,-80.0814042,17.53077785
1953.916667,-82.13947937,17.51625345
1954,-79.77749575,17.50003427
1954.083333,-79.29384764,17.48674492
1954.166667,-80.35521867,17.47448402
1954.25,-81.38641476,17.46242042
1954.333333,-78.22327941,17.45000407
1954.416667,-79.35881418,17.43732627
1954.5,-81.95795844,17.42435517
1954.583333,-80.74306748,17.41177523
1954.666667,-80.88422865,17.3986987
1954.75,-79.96593692,17.38562257
1954.833333,-80.1587535,17.37432265
1954.916667,-81.36341394,17.36125136
1955,-80.29865308,17.34471853
1955.083333,-78.87099899,17.33153561
1955.166667,-78.91242298,17.31854466
1955.25,-81.8598097,17.30650682
1955.333333,-79.86794902,17.29368358
1955.416667,-78.01352805,17.28017076
1955.5,-79.91416626,17.26731052
1955.583333,-81.31903864,17.25392802
1955.666667,-81.76047484,17.23667306
1955.75,-81.49398781,17.22385103
1955.833333,-80.61632916,17.21077634
1955.916667,-80.71738727,17.1977583
1956,-79.43928688,17.18352716
1956.083333,-78.20723099,17.17072203
1956.166667,-81.19734597,17.1576483
1956.25,-78.01974174,17.14439705
1956.333333,-79.62187291,17.12875706
1956.416667,-80.33982103,17.11670549
1956.5,-77.66767002,17.10312251
1956.583333,-77.31708567,17.09046812
1956.666667,-78.94035857,17.0773954
1956.75,-79.23799718,17.06783213
1956.833333,-77.38828513,17.05488483
1956.916667,-77.49121305,17.04432238
1957,-80.35611064,17.03031417
1957.083333,-74.4403637,17.01574672
1957.166667,-76.07243521,17.00211953
1957.25,-76.95878263,16.98905208
1957.333333,-76.98801801,16.97598505
1957.416667,-74.94177743,16.96343143
1957.5,-77.54857426,16.94344493
1957.583333,-75.81769389,16.93034863
1957.666667,-72.98588388,16.91727829
1957.75,-77.02110835,16.90505099
1957.833333,-73.58916768,16.89111778
1957.916667,-75.71129886,16.87774302
1958,-75.21030248,16.86375055
1958.083333,-76.21817317,16.84898553
1958.166667,-75.23043145,16.83592065
1958.25,-78.97950094,16.82326325
1958.333333,-75.14477768,16.81133082
1958.416667,-76.55922944,16.79822612
1958.5,-75.939008,16.78493363
1958.583333,-77.81499358,16.77058374
1958.666667,-76.96513982,16.75841258
1958.75,-76.38790671,16.74497019
1958.833333,-75.82198248,16.73021819
1958.916667,-74.11158501,16.71663954
1959,-73.41550109,16.69997322
1959.083333,-79.62153027,16.68654429
1959.166667,-80.23042323,16.67266288
1959.25,-75.24605693,16.65903326
1959.333333,-76.2857464,16.64515302
1959.416667,-76.59951355,16.6306916
1959.5,-74.75895211,16.61681184
1959.583333,-75.10430442,16.60433159
1959.666667,-74.26227453,16.5879127
1959.75,-73.42173295,16.57493069
1959.833333,-75.11291964,16.5618685
1959.916667,-75.79503336,16.54961373
1960,-74.27412228,16.53719004
1960.083333,-76.59894584,16.52402682
1960.166667,-75.86030259,16.51103288
1960.25,-76.97988242,16.49901874
1960.333333,-75.97369361,16.48596723
1960.416667,-75.2585257,16.47184746
1960.5,-76.66731829,16.45782282
1960.583333,-74.80444358,16.44476339
1960.666667,-75.87449865,16.4319832
1960.75,-75.82588073,16.42225085
1960.833333,-77.13813523,16.4084313
1960.916667,-75.78426529,16.39223143
1961,-74.9713627,16.37778163
1961.083333,-77.3809853,16.36374306
1961.166667,-75.27421994,16.35068759
1961.25,-76.14395859,16.33762958
1961.333333,-77.82475507,16.32471278
1961.416667,-77.42819703,16.31103539
1961.5,-76.28095071,16.29846525
1961.583333,-75.9668157,16.28517858
1961.666667,-77.0158822,16.27221593
1961.75,-76.79336049,16.26105228
1961.833333,-78.00032192,16.24926788
1961.916667,-76.3587339,16.23481625
1962,-78.30684772,16.21556393
1962.083333,-76.16605638,16.20847216
1962.166667,-75.44564135,16.19558938
1962.25,-77.89905366,16.17359477
1962.333333,-76.95875584,16.16031602
1962.416667,-76.30536562,16.14652991
1962.5,-75.16304131,16.1328286
1962.583333,-77.02186958,16.12163332
1962.666667,-76.13917749,16.11422971
1962.75,-77.59901189,16.09856185
1962.833333,-75.37086726,16.08557273
1962.916667,-75.23596279,16.07172652
1963,-74.67896422,16.04991253
1963.083333,-75.99430561,16.03779668
1963.166667,-77.36365821,16.02481926
1963.25,-78.20040686,16.00914603
1963.333333,-79.29523297,15.99478744
1963.416667,-74.62792494,15.98091904
1963.5,-76.90250052,15.96663767
1963.583333,-74.93605514,15.95453844
1963.666667,-74.85826671,15.94150734
1963.75,-75.45133884,15.92799636
1963.833333,-74.56464705,15.91354063
1963.916667,-75.39412443,15.90002617
1964,-76.5101737,15.88245733
1964.083333,-77.05762019,15.87034598
1964.166667,-77.51890962,15.85612155
1964.25,-76.58606402,15.8421964
1964.333333,-76.87086952,15.83091901
1964.416667,-76.36816455,15.81690343
1964.5,-77.45454573,15.79718005
1964.583333,-75.46206789,15.78383078
1964.666667,-77.09778506,15.7707596
1964.75,-76.4613783,15.75800165
1964.833333,-75.49981916,15.74608448
1964.916667,-74.24453145,15.73355549
1965,-74.28493579,15.71832797
1965.083333,-73.91328605,15.70528187
1965.166667,-75.47231039,15.70685847
1965.25,-75.92526969,15.69397751
1965.333333,-74.27506293,15.67451557
1965.416667,-73.79314849,15.66052616
1965.5,-72.70153513,15.64775807
1965.583333,-72.73587628,15.6312414
1965.666667,-70.09717389,15.60958908
1965.75,-73.14502275,15.5956596
1965.833333,-68.98410468,15.56511577
1965.916667,-69.46256972,15.55154282
1966,-71.63695701,15.53260743
1966.083333,-72.88964333,15.51949662
1966.166667,-71.83085542,15.51526715
1966.25,-69.47105859,15.50249088
1966.333333,-72.54436693,15.479759
1966.416667,-73.94270459,15.4677737
1966.5,-73.6471484,15.45263878
1966.583333,-73.24753513,15.43506615
1966.666667,-74.1923465,15.41926193
1966.75,-72.8167232,15.41600138
1966.833333,-73.39931771,15.40130743
1966.916667,-73.05182383,15.38659863
1967,-74.79578644,15.36985953
1967.083333,-76.99460802,15.34839175
1967.166667,-77.11718044,15.32956588
1967.25,-76.8892876,15.31487888
1967.333333,-74.14424563,15.29943548
1967.416667,-72.61862639,15.28492419
1967.5,-72.54442033,15.27021318
1967.583333,-72.08531474,15.25587047
1967.666667,-72.56353613,15.24167603
1967.75,-75.29778875,15.22927813
1967.833333,-76.31783412,15.21609186
1967.916667,-72.94691448,15.20253887
1968,-73.0297317,15.19234198
1968.083333,-71.58317737,15.18073845
1968.166667,-75.37244326,15.16740696
1968.25,-72.5193221,15.15019951
1968.333333,-72.76703931,15.13836779
1968.416667,-74.67210213,15.12429993
1968.5,-73.10434615,15.10720632
1968.583333,-71.46590216,15.09515355
1968.666667,-69.47165548,15.08129623
1968.75,-72.38183656,15.06489477
1968.833333,-71.48716108,15.05205821
1968.916667,-72.03233807,15.04221981
1969,-68.63965237,15.02393309
1969.083333,-67.15786159,15.0101155
1969.166667,-70.05929906,14.99632504
1969.25,-70.69264471,14.98256019
1969.333333,-69.55362773,14.96686646
1969.416667,-70.51432442,14.94870413
1969.5,-71.26155233,14.93915562
1969.583333,-71.87364321,14.92424895
1969.666667,-69.64473628,14.90628394
1969.75,-70.04232396,14.89825979
1969.833333,-70.1590918,14.88383367
1969.916667,-68.30306273,14.86970703
1970,-69.33886252,14.84629929
1970.083333,-69.00395138,14.82727845
1970.166667,-67.8079277,14.80987496
1970.25,-72.0056302,14.79675875
1970.333333,-71.18975636,14.7819842
1970.416667,-71.84292533,14.77322797
1970.5,-71.22085238,14.7586558
1970.583333,-71.29853056,14.74057651
1970.666667,-73.17862231,14.7267179
1970.75,-71.77098693,14.71169087
1970.833333,-71.94875824,14.69417652
1970.916667,-73.07023384,14.67996936
1971,-71.75390735,14.66650049
1971.083333,-70.19558601,14.64911485
1971.166667,-73.31985566,14.63385909
1971.25,-70.60838021,14.62201655
1971.333333,-70.59933154,14.60756681
1971.416667,-70.92150116,14.59005839
1971.5,-68.05470046,14.57587293
1971.583333,-69.93110843,14.5612087
1971.666667,-70.83722459,14.54683843
1971.75,-70.66471059,14.53181076
1971.833333,-71.27452483,14.51654947
1971.916667,-70.74350449,14.50151118
1972,-70.22550258,14.48740103
1972.083333,-71.14126009,14.47819009
1972.166667,-69.62183713,14.46383795
1972.25,-70.14479424,14.44163803
1972.333333,-68.82104969,14.4268298
1972.416667,-67.49353542,14.41246781
1972.5,-68.10530822,14.39536286
1972.583333,-68.18959108,14.38098602
1972.666667,-68.89441069,14.36936406
1972.75,-68.03461908,14.35288245
1972.833333,-66.62907768,14.33952397
1972.916667,-68.22815896,14.32757229
1973,-69.73134177,14.30745226
1973.083333,-66.42971187,14.2925731
1973.166667,-68.34307736,14.27588917
1973.25,-66.02249499,14.25987008
1973.333333,-69.19917463,14.24774348
1973.416667,-70.12890997,14.23294192
1973.5,-69.72752977,14.21937478
1973.583333,-69.3750969,14.20588354
1973.666667,-69.95005799,14.19087438
1973.75,-68.18783553,14.17837338
1973.833333,-68.83063095,14.16474226
1973.916667,-67.37921017,14.14914468
1974,-69.23191366,14.13494425
1974.083333,-67.74314211,14.11507752
1974.166667,-71.45202514,14.09800382
1974.25,-67.47583443,14.0894133
1974.333333,-67.22070721,14.07167511
1974.416667,-66.79405568,14.05825432
1974.5,-69.67768032,14.04088962
1974.583333,-69.0496802,14.02198027
1974.666667,-69.69366199,14.00515057
1974.75,-65.87845503,13.99061938
1974.833333,-66.58642145,13.97777216
1974.916667,-68.74331934,13.97724789
1975,-68.20275404,13.96068458
1975.083333,-67.08848382,13.94203206
1975.166667,-67.79071978,13.92492803
1975.25,-67.41932752,13.90231213
1975.333333,-65.71522814,13.88624078
1975.416667,-65.24500072,13.87442132
1975.5,-67.63855762,13.85149323
1975.583333,-67.00187605,13.83676567
1975.666667,-68.13644231,13.82004672
1975.75,-68.25423743,13.80351279
1975.833333,-67.24996181,13.78946172
1975.916667,-68.8944893,13.77804758
1976,-68.44851466,13.76418435
1976.083333,-69.48837587,13.75117353
1976.166667,-67.45539463,13.73661901
1976.25,-64.6905154,13.71646956
1976.333333,-63.98556405,13.70470969
1976.416667,-65.01616234,13.70160319
1976.5,-65.429836,13.68042477
1976.583333,-65.47800773,13.66645239
1976.666667,-61.57941883,13.64679512
1976.75,-62.40770091,13.63126796
1976.833333,-63.42209662,13.61455904
1976.916667,-61.92836402,13.60396439
1977,-61.2197136,13.5899246
1977.083333,-62.28975928,13.57117284
1977.166667,-64.76764363,13.55081462
1977.25,-65.84000892,13.53471087
1977.333333,-64.98902406,13.52045205
1977.416667,-64.90027179,13.50442021
1977.5,-63.72316457,13.49195136
1977.583333,-61.11678565,13.4790185
1977.666667,-63.41501099,13.4554092
1977.75,-62.97045667,13.44282718
1977.833333,-61.98092891,13.41724849
1977.916667,-62.61780077,13.406073
1978,-61.34349091,13.39062601
1978.083333,-58.85161265,13.37748984
1978.166667,-60.60238965,13.36267254
1978.25,-60.57923197,13.33624364
1978.333333,-60.57408486,13.31955418
1978.416667,-62.18886113,13.30450017
1978.5,-61.26567544,13.28884521
1978.583333,-63.13486122,13.27141767
1978.666667,-63.06883834,13.25900938
1978.75,-61.97172127,13.24356912
1978.833333,-64.2400371,13.23121152
1978.916667,-60.89380377,13.21863763
1979,-60.16930626,13.19435905
1979.083333,-62.27866943,13.17746568
1979.166667,-59.02457721,13.16007571
1979.25,-58.68173534,13.14148135
1979.333333,-59.86316178,13.1231775
1979.416667,-62.63783006,13.11235001
1979.5,-60.63631781,13.09862283
1979.583333,-59.95291583,13.07726296
1979.666667,-60.36811169,13.06175626
1979.75,-59.55627215,13.04555121
1979.833333,-59.35668235,13.03030957
1979.916667,-61.31937887,13.01563618
1980,-56.97027665,12.9956588
1980.083333,-58.18045784,12.98705766
1980.166667,-56.72670521,12.97399951
1980.25,-57.935144,12.9556993
1980.333333,-57.06303511,12.93137348
1980.416667,-59.03267829,12.91846174
1980.5,-56.93876087,12.90418079
1980.583333,-57.76699405,12.88690224
1980.666667,-58.96176409,12.87026651
1980.75,-58.62276687,12.85180321
1980.833333,-56.88634556,12.84812388
1980.916667,-54.98491791,12.83571147
1981,-57.10052641,12.80507184
1981.083333,-57.52167795,12.78768909
1981.166667,-56.89171587,12.77677005
1981.25,-57.73397122,12.76156077
1981.333333,-58.07480935,12.7494773
1981.416667,-57.06614606,12.72663255
1981.5,-60.2283168,12.70772607
1981.583333,-57.86395401,12.68650002
1981.666667,-58.90633964,12.67111055
1981.75,-56.21658657,12.66396468
1981.833333,-59.23116994,12.64597912
1981.916667,-58.08155337,12.62082447
1982,-59.52256675,12.59888074
1982.083333,-59.99046162,12.58191335
1982.166667,-56.15163693,12.56727102
1982.25,-59.06995847,12.55477801
1982.333333,-56.07326525,12.53988566
1982.416667,-52.61089978,12.51995985
1982.5,-54.57797348,12.50344165
1982.583333,-55.1209725,12.49730197
1982.666667,-53.21745862,12.4794314
1982.75,-51.98627987,12.4611336
1982.833333,-53.02569873,12.44831966
1982.916667,-52.55337468,12.4314761
1983,-54.8037767,12.40681498
1983.083333,-52.09715879,12.38929241
1983.166667,-54.10948522,12.37253829
1983.25,-56.99340013,12.35616383
1983.333333,-57.20452168,12.33895238
1983.416667,-57.1651644,12.32301562
1983.5,-57.25941855,12.31006655
1983.583333,-56.99430734,12.29180374
1983.666667,-56.42577875,12.26545642
1983.75,-56.27195169,12.24891456
1983.833333,-54.17654661,12.24045139
1983.916667,-53.58887827,12.22738785
1984,-49.96653724,12.20898743
1984.083333,-53.71843105,12.19381971
1984.166667,-50.65792432,12.17609805
1984.25,-53.84673584,12.14550489
1984.333333,-53.98410997,12.1275222
1984.416667,-50.62386415,12.1088298
1984.5,-51.45099241,12.09069271
1984.583333,-50.65375263,12.07100951
1984.666667,-52.14023967,12.05738097
1984.75,-50.78081119,12.03799988
1984.833333,-52.88576138,12.02312112
1984.916667,-52.30738058,12.00688536
1985,-50.55208383,11.98268494
1985.083333,-52.80957226,11.96133059
1985.166667,-51.63622871,11.94040755
1985.25,-51.7673739,11.92193827
1985.333333,-51.02170888,11.9091255
1985.416667,-49.38788044,11.89180043
1985.5,-49.6593794,11.86970594
1985.583333,-50.03985148,11.85027709
1985.666667,-51.94931977,11.83071984
1985.75,-51.09971243,11.81729559
1985.833333,-48.76316566,11.79981651
1985.916667,-47.77183419,11.78526299
1986,-49.15561034,11.76787308
1986.083333,-48.68632889,11.75114773
1986.166667,-52.17861373,11.73241603
1986.25,-48.57371542,11.7153144
1986.333333,-48.48925952,11.69692454
1986.416667,-52.81028982,11.6801079
1986.5,-50.52891987,11.66250408
1986.583333,-47.24047296,11.63945403
1986.666667,-49.18170131,11.62526366
1986.75,-48.96610909,11.60643696
1986.833333,-47.46524753,11.59129678
1986.916667,-45.74135046,11.57437091
1987,-46.13025002,11.55448722
1987.083333,-47.42909614,11.53661467
1987.166667,-46.5233796,11.51820939
1987.25,-49.30871683,11.50350852
1987.333333,-49.46747715,11.48287244
1987.416667,-45.18810453,11.4666366
1987.5,-48.70491194,11.44882098
1987.583333,-49.16400035,11.42813847
1987.666667,-48.12012755,11.40617863
1987.75,-48.82392682,11.38805652
1987.833333,-44.33362255,11.36897017
1987.916667,-45.24435708,11.35200462
1988,-46.91037607,11.33051214
1988.083333,-44.58224766,11.31707641
1988.166667,-46.61254556,11.29949049
1988.25,-45.99847885,11.27934089
1988.333333,-44.94566942,11.2599601
1988.416667,-47.22898014,11.24319732
1988.5,-47.71717998,11.22411134
1988.583333,-49.64792054,11.20527789
1988.666667,-51.30856384,11.18913371
1988.75,-50.14026015,11.17091548
1988.833333,-52.58947311,11.15361619
1988.916667,-53.33377968,11.1326789
1989,-52.17246937,11.10926374
1989.083333,-51.89319827,11.09455389
1989.166667,-47.47748878,11.07450899
1989.25,-46.06994115,11.06166885
1989.333333,-46.72772379,11.04148833
1989.416667,-46.56105835,11.02137047
1989.5,-48.58139218,11.00251679
1989.583333,-48.01855014,10.9796579
1989.666667,-48.48710712,10.96133395
1989.75,-47.77169303,10.94261375
1989.833333,-46.63397885,10.9265745
1989.916667,-46.7489391,10.90780279
1990,-45.84305803,10.88458011
1990.083333,-46.83516381,10.86612572
1990.166667,-46.19685463,10.84568157
1990.25,-42.39622112,10.82948443
1990.333333,-43.33548979,10.81192881
1990.416667,-41.57560002,10.79320013
1990.5,-42.70574348,10.77826749
1990.583333,-41.6664211,10.75723749
1990.666667,-41.35072749,10.74140919
1990.75,-42.39485383,10.71775995
1990.833333,-39.87429705,10.70042636
1990.916667,-42.27573574,10.67794213
1991,-41.07161144,10.65596652
1991.083333,-40.38946521,10.63748871
1991.166667,-39.13795976,10.61865013
1991.25,-39.72789848,10.60284416
1991.333333,-38.69207854,10.58010282
1991.416667,-38.60920108,10.55903144
1991.5,-39.2415369,10.540463
1991.583333,-40.81132279,10.52045773
1991.666667,-37.64803232,10.4988455
1991.75,-38.02707526,10.4805271
1991.833333,-36.20089831,10.4624877
1991.916667,-38.68717264,10.44526204
1992,-37.27988236,10.42438227
1992.083333,-40.03502688,10.40330172
1992.166667,-37.83289315,10.3818239
1992.25,-36.28306623,10.35780634
1992.333333,-38.2581422,10.34280583
1992.416667,-37.44082161,10.3226955
1992.5,-38.60799068,10.30212631
1992.583333,-37.85084704,10.27988853
1992.666667,-37.04469041,10.26107532
1992.75,-35.69025522,10.24069494
1992.833333,-36.61212651,10.22133177
1992.916667,-40.20902407,10.20044603
1993,-41.16734885,10.18066541
1993.083333,-36.50053476,10.16107292
1993.166667,-34.86561199,10.14207131
1993.25,-33.57826496,10.12526535
1993.333333,-34.85843615,10.10331371
1993.416667,-34.08145536,10.08109134
1993.5,-34.08940397,10.06305553
1993.583333,-34.1931785,10.04356846
1993.666667,-35.2950958,10.0222435
1993.75,-33.43767771,9.995242497
1993.833333,-38.58510418,9.978411741
1993.916667,-33.6439604,9.959605819
1994,-32.96690578,9.937471208
1994.083333,-33.12568298,9.922805165
1994.166667,-34.94018922,9.906698699
1994.25,-32.60402801,9.88590891
1994.333333,-34.13285902,9.862021745
1994.416667,-36.30503578,9.83652972
1994.5,-33.60353374,9.812796682
1994.583333,-36.56768867,9.791599234
1994.666667,-32.71041461,9.772148848
1994.75,-35.51313944,9.752434177
1994.833333,-37.11707381,9.730158472
1994.916667,-34.25892056,9.711070146
1995,-31.98137529,9.686572004
1995.083333,-34.90284696,9.668772468
1995.166667,-31.68976143,9.647606996
1995.25,-31.33933713,9.624042516
1995.333333,-30.55183481,9.600670085
1995.416667,-30.79587537,9.580617043
1995.5,-31.30528544,9.558586341
1995.583333,-32.35444686,9.534076664
1995.666667,-31.66880373,9.511606011
1995.75,-33.59786498,9.494982162
1995.833333,-32.12076874,9.473130558
1995.916667,-32.76526398,9.451586034
1996,-33.89456149,9.430033804
1996.083333,-32.38685814,9.406988998
1996.166667,-31.8757087,9.379253178
1996.25,-31.54552727,9.357081356
1996.333333,-31.65696805,9.341153147
1996.416667,-32.41212775,9.316566353
1996.5,-31.92931608,9.293415116
1996.583333,-30.97640445,9.271450426
1996.666667,-29.83920584,9.249353626
1996.75,-31.6649963,9.222362122
1996.833333,-29.95741887,9.200376495
1996.916667,-31.69635895,9.185920018
1997,-32.66958509,9.16423245
1997.083333,-29.51668214,9.141549557
1997.166667,-27.8390798,9.122627172
1997.25,-28.56142488,9.099435213
1997.333333,-27.79858537,9.076005674
1997.416667,-26.23595191,9.053690483
1997.5,-25.97899983,9.033232867
1997.583333,-26.62570086,9.004953652
1997.666667,-26.12931997,8.984155587
1997.75,-25.30862925,8.963146045
1997.833333,-24.94165837,8.942287734
1997.916667,-26.75713407,8.921043194
1998,-23.43599533,8.900250159
1998.083333,-25.67879391,8.875242839
1998.166667,-25.60279454,8.851280685
1998.25,-27.43593948,8.82755031
1998.333333,-29.9361133,8.797994033
1998.416667,-27.35153765,8.773765289
1998.5,-28.74959577,8.748785554
1998.583333,-28.03272572,8.725601295
1998.666667,-25.90869343,8.706657458
1998.75,-25.78070228,8.680982147
1998.833333,-25.25943845,8.657562708
1998.916667,-27.73485006,8.63418699
1999,-24.90085931,8.606427484
1999.083333,-26.38005989,8.584805842
1999.166667,-24.38032977,8.562662948
1999.25,-25.38230535,8.547081852
1999.333333,-25.69394246,8.52327601
1999.416667,-26.5135052,8.499552425
1999.5,-24.77612589,8.479350614
1999.583333,-24.59533252,8.45438961
1999.666667,-25.23283015,8.426071523
1999.75,-24.01496257,8.400310412
1999.833333,-24.98449042,8.380843169
1999.916667,-24.28486486,8.351287789
2000,-23.97659986,8.322691669
2000.083333,-22.48466488,8.296030107
2000.166667,-21.60273057,8.266016224
2000.25,-23.05389103,8.240936272
2000.333333,-24.4567408,8.219816032
2000.416667,-22.2149558,8.199361003
2000.5,-20.13201516,8.171100067
2000.583333,-21.25201469,8.136689115
2000.666667,-21.38362491,8.110847216
2000.75,-22.60722935,8.084157932
2000.833333,-19.1851758,8.061790135
2000.916667,-19.11193684,8.042330987
2001,-18.71212584,8.013396449
2001.083333,-19.78801382,7.985864057
2001.166667,-17.17601052,7.957917324
2001.25,-19.50142499,7.929179872
2001.333333,-17.84416021,7.902032511
2001.416667,-18.0318223,7.876011856
2001.5,-17.1342646,7.852143985
2001.583333,-16.57509371,7.826283799
2001.666667,-16.38658467,7.79825473
2001.75,-18.12113987,7.771172137
2001.833333,-19.04814456,7.74534767
2001.916667,-17.96563687,7.723058689
2002,-17.94179716,7.697480793
2002.083333,-17.06779313,7.671430945
2002.166667,-17.51149664,7.644663296
2002.25,-17.05518784,7.621262156
2002.333333,-15.77190943,7.59464709
2002.416667,-15.36808557,7.567904661
2002.5,-13.60087363,7.538593071
2002.583333,-12.7118878,7.512175533
2002.666667,-13.22065044,7.485887302
2002.75,-10.0579316,7.452779802
2002.833333,-10.38788972,7.424913983
2002.916667,-11.43171019,7.399613186
2003,-12.14335531,7.376502919
2003.083333,-11.35248267,7.352895986
2003.166667,-13.74414073,7.325826859
2003.25,-14.34876843,7.28955185
2003.333333,-12.47402864,7.259371083
2003.416667,-13.30748428,7.230743048
2003.5,-11.90909074,7.206137854
2003.583333,-10.6701477,7.174124693
2003.666667,-10.65979534,7.144508185
2003.75,-8.632146842,7.111126631
2003.833333,-11.22900641,7.084948249
2003.916667,-11.78539346,7.054592103
2004,-10.09718787,7.037622867
2004.083333,-9.937864407,7.008998978
2004.166667,-9.793689914,6.965620238
2004.25,-9.622897453,6.929144634
2004.333333,-8.797806416,6.900712285
2004.416667,-9.835999206,6.878109025
2004.5,-8.880674236,6.849134108
2004.583333,-6.592381352,6.818314033
2004.666667,-8.735257726,6.781388766
2004.75,-8.324062671,6.745732
2004.833333,-9.539848482,6.714516935
2004.916667,-8.155654024,6.684599416
2005,-6.952884227,6.652177984
2005.083333,-3.686116087,6.626035239
2005.166667,-6.766584189,6.596278095
2005.25,-6.048233728,6.560767056
2005.333333,-5.334985184,6.529815081
2005.416667,-6.183130355,6.498755542
2005.5,-5.428221595,6.462116952
2005.583333,-7.366038947,6.437783699
2005.666667,-6.853754549,6.405227617
2005.75,-7.517613197,6.370888841
2005.833333,-5.102375456,6.335297703
2005.916667,-3.087246691,6.308359313
2006,-6.62577042,6.271741922
2006.083333,-7.351651291,6.232550838
2006.166667,-4.435983099,6.207163975
2006.25,-4.529819365,6.173409208
2006.333333,-5.980859928,6.142339673
2006.416667,-5.673307125,6.105015837
2006.5,-3.370860386,6.069618285
2006.583333,-3.850628397,6.032019005
2006.666667,-4.559022372,5.99555661
2006.75,-0.2872430727512995.96734641744767,
2006.833333,-3.917612626,5.927924068
2006.916667,-3.949565415,5.896079324
2007,-3.740689952,5.874797825
2007.083333,-3.015096802,5.843048194
2007.166667,-2.969621607,5.805542636
2007.25,-2.894741352,5.76431414
2007.333333,-0.1605933717586145.74324722884389,
2007.416667,-2.326221487,5.707744908
2007.5,-1.960922974,5.668847269
2007.583333,-1.447008613,5.622404463
2007.666667,-2.416679799,5.573735366
2007.75,-3.281446202,5.536737991
2007.833333,-0.5497931414595915.49876453202770,
2007.916667,-3.001422219,5.459708787
2008,-2.189354508,5.4178333
2008.083333,-1.830399629,5.378229403
2008.166667,-0.0215066029670745.340613183717367,
2008.25,1.666447711,5.30634028
2008.333333,2.581583874,5.268943054
2008.416667,1.151869637,5.234194816
2008.5,2.280160113,5.206297724
2008.583333,1.636478566,5.168527691
2008.666667,2.59194006,5.11685024
2008.75,0.972092921,5.074545069
2008.833333,3.10923161,5.041996541
2008.916667,2.439901574,4.990198876
2009,0.935542125,4.940441429
2009.083333,2.05384301,4.895410578
2009.166667,3.665767515,4.853707915
2009.25,3.244964692,4.813589806
2009.333333,3.9318662,4.780573166
2009.416667,6.446772028,4.739900307
2009.5,6.642225071,4.700085701
2009.583333,6.023371049,4.653900274
2009.666667,7.222978232,4.604128819
2009.75,7.579308843,4.56148581
2009.833333,8.58518911,4.51653112
2009.916667,11.06612317,4.47652991
2010,8.361830833,4.431320139
2010.083333,11.48022655,4.389086542
2010.166667,7.551161503,4.3364156
2010.25,7.857192287,4.278241806
2010.333333,7.261992458,4.230870094
2010.416667,7.039357541,4.186155869
2010.5,6.24922798,4.140398992
2010.583333,5.493332779,4.098469929
2010.666667,5.383321152,4.056338666
2010.75,6.138459509,4.016042056
2010.833333,6.886239926,3.974279833
2010.916667,6.827684426,3.940201255
2011,6.49419166,3.90175531
2011.083333,2.888726794,3.862916696
2011.166667,4.244546379,3.823051026
2011.25,4.78545276,3.783793187
2011.333333,7.546801302,3.748766476
2011.416667,10.30260347,3.71618837
2011.5,9.92596681,3.665226246
2011.583333,9.559417123,3.625167365
2011.666667,9.456869124,3.600787016
2011.75,6.968269551,3.561421693
2011.833333,6.816998874,3.517469502
2011.916667,9.415689254,3.497930751
2012,10.45659822,3.467421873
2012.083333,10.80804877,3.41318592
2012.166667,11.94264524,3.38486478
2012.25,13.09816364,3.346132148
2012.333333,14.61583249,3.345569197
2012.416667,15.85377659,3.32008688
2012.5,14.62785645,3.2879758
2012.583333,15.28083989,3.285732556
2012.666667,15.65069133,3.259941912
2012.75,16.39829786,3.20486477
2012.833333,16.9695298,3.21401382
2012.916667,19.0284965,3.208594293
2013,17.52869864,3.153479331
2013.083333,17.67118442,3.1333837
2013.166667,19.06058291,3.113345887
2013.25,17.87823709,3.095306831
2013.333333,16.37051909,3.094990447
2013.416667,15.71467504,3.082847099
2013.5,16.69812479,3.077400337
2013.583333,17.95628777,3.063801916
2013.666667,19.41466936,3.042162774
2013.75,18.99592488,3.031659569
2013.833333,17.05897638,3.023521876
2013.916667,18.74813023,3.0552452
2014,20.29234399,3.057846021
2014.083333,21.07664344,3.052495827
2014.166667,19.58238798,3.053510995
2014.25,21.08566768,3.049833332
2014.333333,20.9630666,3.052969972
2014.416667,22.86116719,3.046745471
2014.5,22.57550961,3.048297544
2014.583333,22.07346812,3.025126941
2014.666667,22.93951379,3.034603957
2014.75,24.51660507,3.043426638
2014.833333,22.30351131,3.074504437
2014.916667,24.39917192,3.144906057
2015,24.18503421,3.152110754
2015.083333,23.86484138,3.146836174
2015.166667,24.56351791,3.171557806
2015.25,24.89157936,3.18948778
2015.333333,27.93240437,3.204927162
2015.416667,27.29376385,3.217936439
2015.5,28.8966423,3.231127754
2015.583333,28.61922973,3.229907836
2015.666667,29.49592397,3.247515703
2015.75,29.05655779,3.265717571
2015.833333,27.63102269,3.28868055
2015.916667,28.9780033,3.309732014